CountryRegionCode,StateProvinceCode,Package name,Execution start time,User name,Task name
CA,AB ,12_Audit_TransformationDemo,9/29/2025 7:55:16 PM,WIN-4CMOE2HNK1B\Taco,Data Flow Task
US,AK ,12_Audit_TransformationDemo,9/29/2025 7:55:16 PM,WIN-4CMOE2HNK1B\Taco,Data Flow Task
US,AL ,12_Audit_TransformationDemo,9/29/2025 7:55:16 PM,WIN-4CMOE2HNK1B\Taco,Data Flow Task
US,AR ,12_Audit_TransformationDemo,9/29/2025 7:55:16 PM,WIN-4CMOE2HNK1B\Taco,Data Flow Task
AS,AS ,12_Audit_TransformationDemo,9/29/2025 7:55:16 PM,WIN-4CMOE2HNK1B\Taco,Data Flow Task
US,AZ ,12_Audit_TransformationDemo,9/29/2025 7:55:16 PM,WIN-4CMOE2HNK1B\Taco,Data Flow Task
CA,BC ,12_Audit_TransformationDemo,9/29/2025 7:55:16 PM,WIN-4CMOE2HNK1B\Taco,Data Flow Task
DE,BY ,12_Audit_TransformationDemo,9/29/2025 7:55:16 PM,WIN-4CMOE2HNK1B\Taco,Data Flow Task
US,CA ,12_Audit_TransformationDemo,9/29/2025 7:55:16 PM,WIN-4CMOE2HNK1B\Taco,Data Flow Task
US,CO ,12_Audit_TransformationDemo,9/29/2025 7:55:16 PM,WIN-4CMOE2HNK1B\Taco,Data Flow Task
US,CT ,12_Audit_TransformationDemo,9/29/2025 7:55:16 PM,WIN-4CMOE2HNK1B\Taco,Data Flow Task
US,DC ,12_Audit_TransformationDemo,9/29/2025 7:55:16 PM,WIN-4CMOE2HNK1B\Taco,Data Flow Task
US,DE ,12_Audit_TransformationDemo,9/29/2025 7:55:16 PM,WIN-4CMOE2HNK1B\Taco,Data Flow Task
GB,ENG,12_Audit_TransformationDemo,9/29/2025 7:55:16 PM,WIN-4CMOE2HNK1B\Taco,Data Flow Task
US,FL ,12_Audit_TransformationDemo,9/29/2025 7:55:16 PM,WIN-4CMOE2HNK1B\Taco,Data Flow Task
FM,FM ,12_Audit_TransformationDemo,9/29/2025 7:55:16 PM,WIN-4CMOE2HNK1B\Taco,Data Flow Task
US,GA ,12_Audit_TransformationDemo,9/29/2025 7:55:16 PM,WIN-4CMOE2HNK1B\Taco,Data Flow Task
US,GU ,12_Audit_TransformationDemo,9/29/2025 7:55:16 PM,WIN-4CMOE2HNK1B\Taco,Data Flow Task
DE,HE ,12_Audit_TransformationDemo,9/29/2025 7:55:16 PM,WIN-4CMOE2HNK1B\Taco,Data Flow Task
DE,HH ,12_Audit_TransformationDemo,9/29/2025 7:55:16 PM,WIN-4CMOE2HNK1B\Taco,Data Flow Task
US,HI ,12_Audit_TransformationDemo,9/29/2025 7:55:16 PM,WIN-4CMOE2HNK1B\Taco,Data Flow Task
US,IA ,12_Audit_TransformationDemo,9/29/2025 7:55:16 PM,WIN-4CMOE2HNK1B\Taco,Data Flow Task
US,ID ,12_Audit_TransformationDemo,9/29/2025 7:55:16 PM,WIN-4CMOE2HNK1B\Taco,Data Flow Task
US,IL ,12_Audit_TransformationDemo,9/29/2025 7:55:16 PM,WIN-4CMOE2HNK1B\Taco,Data Flow Task
US,IN ,12_Audit_TransformationDemo,9/29/2025 7:55:16 PM,WIN-4CMOE2HNK1B\Taco,Data Flow Task
US,KS ,12_Audit_TransformationDemo,9/29/2025 7:55:16 PM,WIN-4CMOE2HNK1B\Taco,Data Flow Task
US,KY ,12_Audit_TransformationDemo,9/29/2025 7:55:16 PM,WIN-4CMOE2HNK1B\Taco,Data Flow Task
US,LA ,12_Audit_TransformationDemo,9/29/2025 7:55:16 PM,WIN-4CMOE2HNK1B\Taco,Data Flow Task
CA,LB ,12_Audit_TransformationDemo,9/29/2025 7:55:16 PM,WIN-4CMOE2HNK1B\Taco,Data Flow Task
US,MA ,12_Audit_TransformationDemo,9/29/2025 7:55:16 PM,WIN-4CMOE2HNK1B\Taco,Data Flow Task
CA,MB ,12_Audit_TransformationDemo,9/29/2025 7:55:16 PM,WIN-4CMOE2HNK1B\Taco,Data Flow Task
US,MD ,12_Audit_TransformationDemo,9/29/2025 7:55:16 PM,WIN-4CMOE2HNK1B\Taco,Data Flow Task
US,ME ,12_Audit_TransformationDemo,9/29/2025 7:55:16 PM,WIN-4CMOE2HNK1B\Taco,Data Flow Task
MH,MH ,12_Audit_TransformationDemo,9/29/2025 7:55:16 PM,WIN-4CMOE2HNK1B\Taco,Data Flow Task
US,MI ,12_Audit_TransformationDemo,9/29/2025 7:55:16 PM,WIN-4CMOE2HNK1B\Taco,Data Flow Task
US,MN ,12_Audit_TransformationDemo,9/29/2025 7:55:16 PM,WIN-4CMOE2HNK1B\Taco,Data Flow Task
US,MO ,12_Audit_TransformationDemo,9/29/2025 7:55:16 PM,WIN-4CMOE2HNK1B\Taco,Data Flow Task
MP,MP ,12_Audit_TransformationDemo,9/29/2025 7:55:16 PM,WIN-4CMOE2HNK1B\Taco,Data Flow Task
US,MS ,12_Audit_TransformationDemo,9/29/2025 7:55:16 PM,WIN-4CMOE2HNK1B\Taco,Data Flow Task
US,MT ,12_Audit_TransformationDemo,9/29/2025 7:55:16 PM,WIN-4CMOE2HNK1B\Taco,Data Flow Task
CA,NB ,12_Audit_TransformationDemo,9/29/2025 7:55:16 PM,WIN-4CMOE2HNK1B\Taco,Data Flow Task
US,NC ,12_Audit_TransformationDemo,9/29/2025 7:55:16 PM,WIN-4CMOE2HNK1B\Taco,Data Flow Task
US,ND ,12_Audit_TransformationDemo,9/29/2025 7:55:16 PM,WIN-4CMOE2HNK1B\Taco,Data Flow Task
US,NE ,12_Audit_TransformationDemo,9/29/2025 7:55:16 PM,WIN-4CMOE2HNK1B\Taco,Data Flow Task
CA,NF ,12_Audit_TransformationDemo,9/29/2025 7:55:16 PM,WIN-4CMOE2HNK1B\Taco,Data Flow Task
US,NH ,12_Audit_TransformationDemo,9/29/2025 7:55:16 PM,WIN-4CMOE2HNK1B\Taco,Data Flow Task
US,NJ ,12_Audit_TransformationDemo,9/29/2025 7:55:16 PM,WIN-4CMOE2HNK1B\Taco,Data Flow Task
US,NM ,12_Audit_TransformationDemo,9/29/2025 7:55:16 PM,WIN-4CMOE2HNK1B\Taco,Data Flow Task
CA,NS ,12_Audit_TransformationDemo,9/29/2025 7:55:16 PM,WIN-4CMOE2HNK1B\Taco,Data Flow Task
AU,NSW,12_Audit_TransformationDemo,9/29/2025 7:55:16 PM,WIN-4CMOE2HNK1B\Taco,Data Flow Task
CA,NT ,12_Audit_TransformationDemo,9/29/2025 7:55:16 PM,WIN-4CMOE2HNK1B\Taco,Data Flow Task
US,NV ,12_Audit_TransformationDemo,9/29/2025 7:55:16 PM,WIN-4CMOE2HNK1B\Taco,Data Flow Task
DE,NW ,12_Audit_TransformationDemo,9/29/2025 7:55:16 PM,WIN-4CMOE2HNK1B\Taco,Data Flow Task
US,NY ,12_Audit_TransformationDemo,9/29/2025 7:55:16 PM,WIN-4CMOE2HNK1B\Taco,Data Flow Task
US,OH ,12_Audit_TransformationDemo,9/29/2025 7:55:16 PM,WIN-4CMOE2HNK1B\Taco,Data Flow Task
US,OK ,12_Audit_TransformationDemo,9/29/2025 7:55:16 PM,WIN-4CMOE2HNK1B\Taco,Data Flow Task
CA,ON ,12_Audit_TransformationDemo,9/29/2025 7:55:16 PM,WIN-4CMOE2HNK1B\Taco,Data Flow Task
US,OR ,12_Audit_TransformationDemo,9/29/2025 7:55:16 PM,WIN-4CMOE2HNK1B\Taco,Data Flow Task
US,PA ,12_Audit_TransformationDemo,9/29/2025 7:55:16 PM,WIN-4CMOE2HNK1B\Taco,Data Flow Task
CA,PE ,12_Audit_TransformationDemo,9/29/2025 7:55:16 PM,WIN-4CMOE2HNK1B\Taco,Data Flow Task
US,PR ,12_Audit_TransformationDemo,9/29/2025 7:55:16 PM,WIN-4CMOE2HNK1B\Taco,Data Flow Task
PW,PW ,12_Audit_TransformationDemo,9/29/2025 7:55:16 PM,WIN-4CMOE2HNK1B\Taco,Data Flow Task
CA,QC ,12_Audit_TransformationDemo,9/29/2025 7:55:16 PM,WIN-4CMOE2HNK1B\Taco,Data Flow Task
AU,QLD,12_Audit_TransformationDemo,9/29/2025 7:55:16 PM,WIN-4CMOE2HNK1B\Taco,Data Flow Task
US,RI ,12_Audit_TransformationDemo,9/29/2025 7:55:16 PM,WIN-4CMOE2HNK1B\Taco,Data Flow Task
AU,SA ,12_Audit_TransformationDemo,9/29/2025 7:55:16 PM,WIN-4CMOE2HNK1B\Taco,Data Flow Task
US,SC ,12_Audit_TransformationDemo,9/29/2025 7:55:16 PM,WIN-4CMOE2HNK1B\Taco,Data Flow Task
US,SD ,12_Audit_TransformationDemo,9/29/2025 7:55:16 PM,WIN-4CMOE2HNK1B\Taco,Data Flow Task
CA,SK ,12_Audit_TransformationDemo,9/29/2025 7:55:16 PM,WIN-4CMOE2HNK1B\Taco,Data Flow Task
DE,SL ,12_Audit_TransformationDemo,9/29/2025 7:55:16 PM,WIN-4CMOE2HNK1B\Taco,Data Flow Task
AU,TAS,12_Audit_TransformationDemo,9/29/2025 7:55:16 PM,WIN-4CMOE2HNK1B\Taco,Data Flow Task
US,TN ,12_Audit_TransformationDemo,9/29/2025 7:55:16 PM,WIN-4CMOE2HNK1B\Taco,Data Flow Task
US,TX ,12_Audit_TransformationDemo,9/29/2025 7:55:16 PM,WIN-4CMOE2HNK1B\Taco,Data Flow Task
US,UT ,12_Audit_TransformationDemo,9/29/2025 7:55:16 PM,WIN-4CMOE2HNK1B\Taco,Data Flow Task
US,VA ,12_Audit_TransformationDemo,9/29/2025 7:55:16 PM,WIN-4CMOE2HNK1B\Taco,Data Flow Task
VI,VI ,12_Audit_TransformationDemo,9/29/2025 7:55:16 PM,WIN-4CMOE2HNK1B\Taco,Data Flow Task
AU,VIC,12_Audit_TransformationDemo,9/29/2025 7:55:16 PM,WIN-4CMOE2HNK1B\Taco,Data Flow Task
US,VT ,12_Audit_TransformationDemo,9/29/2025 7:55:16 PM,WIN-4CMOE2HNK1B\Taco,Data Flow Task
US,WA ,12_Audit_TransformationDemo,9/29/2025 7:55:16 PM,WIN-4CMOE2HNK1B\Taco,Data Flow Task
US,WI ,12_Audit_TransformationDemo,9/29/2025 7:55:16 PM,WIN-4CMOE2HNK1B\Taco,Data Flow Task
US,WV ,12_Audit_TransformationDemo,9/29/2025 7:55:16 PM,WIN-4CMOE2HNK1B\Taco,Data Flow Task
US,WY ,12_Audit_TransformationDemo,9/29/2025 7:55:16 PM,WIN-4CMOE2HNK1B\Taco,Data Flow Task
CA,YT ,12_Audit_TransformationDemo,9/29/2025 7:55:16 PM,WIN-4CMOE2HNK1B\Taco,Data Flow Task
FR,FR ,12_Audit_TransformationDemo,9/29/2025 7:55:16 PM,WIN-4CMOE2HNK1B\Taco,Data Flow Task
DE,BB ,12_Audit_TransformationDemo,9/29/2025 7:55:16 PM,WIN-4CMOE2HNK1B\Taco,Data Flow Task
DE,SN ,12_Audit_TransformationDemo,9/29/2025 7:55:16 PM,WIN-4CMOE2HNK1B\Taco,Data Flow Task
FR,01 ,12_Audit_TransformationDemo,9/29/2025 7:55:16 PM,WIN-4CMOE2HNK1B\Taco,Data Flow Task
FR,02 ,12_Audit_TransformationDemo,9/29/2025 7:55:16 PM,WIN-4CMOE2HNK1B\Taco,Data Flow Task
FR,03 ,12_Audit_TransformationDemo,9/29/2025 7:55:16 PM,WIN-4CMOE2HNK1B\Taco,Data Flow Task
FR,04 ,12_Audit_TransformationDemo,9/29/2025 7:55:16 PM,WIN-4CMOE2HNK1B\Taco,Data Flow Task
FR,05 ,12_Audit_TransformationDemo,9/29/2025 7:55:16 PM,WIN-4CMOE2HNK1B\Taco,Data Flow Task
FR,06 ,12_Audit_TransformationDemo,9/29/2025 7:55:16 PM,WIN-4CMOE2HNK1B\Taco,Data Flow Task
FR,07 ,12_Audit_TransformationDemo,9/29/2025 7:55:16 PM,WIN-4CMOE2HNK1B\Taco,Data Flow Task
FR,08 ,12_Audit_TransformationDemo,9/29/2025 7:55:16 PM,WIN-4CMOE2HNK1B\Taco,Data Flow Task
FR,09 ,12_Audit_TransformationDemo,9/29/2025 7:55:16 PM,WIN-4CMOE2HNK1B\Taco,Data Flow Task
FR,10 ,12_Audit_TransformationDemo,9/29/2025 7:55:16 PM,WIN-4CMOE2HNK1B\Taco,Data Flow Task
FR,11 ,12_Audit_TransformationDemo,9/29/2025 7:55:16 PM,WIN-4CMOE2HNK1B\Taco,Data Flow Task
FR,12 ,12_Audit_TransformationDemo,9/29/2025 7:55:16 PM,WIN-4CMOE2HNK1B\Taco,Data Flow Task
FR,13 ,12_Audit_TransformationDemo,9/29/2025 7:55:16 PM,WIN-4CMOE2HNK1B\Taco,Data Flow Task
FR,14 ,12_Audit_TransformationDemo,9/29/2025 7:55:16 PM,WIN-4CMOE2HNK1B\Taco,Data Flow Task
FR,15 ,12_Audit_TransformationDemo,9/29/2025 7:55:16 PM,WIN-4CMOE2HNK1B\Taco,Data Flow Task
FR,16 ,12_Audit_TransformationDemo,9/29/2025 7:55:16 PM,WIN-4CMOE2HNK1B\Taco,Data Flow Task
FR,17 ,12_Audit_TransformationDemo,9/29/2025 7:55:16 PM,WIN-4CMOE2HNK1B\Taco,Data Flow Task
FR,18 ,12_Audit_TransformationDemo,9/29/2025 7:55:16 PM,WIN-4CMOE2HNK1B\Taco,Data Flow Task
FR,19 ,12_Audit_TransformationDemo,9/29/2025 7:55:16 PM,WIN-4CMOE2HNK1B\Taco,Data Flow Task
FR,20 ,12_Audit_TransformationDemo,9/29/2025 7:55:16 PM,WIN-4CMOE2HNK1B\Taco,Data Flow Task
FR,21 ,12_Audit_TransformationDemo,9/29/2025 7:55:16 PM,WIN-4CMOE2HNK1B\Taco,Data Flow Task
FR,22 ,12_Audit_TransformationDemo,9/29/2025 7:55:16 PM,WIN-4CMOE2HNK1B\Taco,Data Flow Task
FR,23 ,12_Audit_TransformationDemo,9/29/2025 7:55:16 PM,WIN-4CMOE2HNK1B\Taco,Data Flow Task
FR,24 ,12_Audit_TransformationDemo,9/29/2025 7:55:16 PM,WIN-4CMOE2HNK1B\Taco,Data Flow Task
FR,25 ,12_Audit_TransformationDemo,9/29/2025 7:55:16 PM,WIN-4CMOE2HNK1B\Taco,Data Flow Task
FR,26 ,12_Audit_TransformationDemo,9/29/2025 7:55:16 PM,WIN-4CMOE2HNK1B\Taco,Data Flow Task
FR,27 ,12_Audit_TransformationDemo,9/29/2025 7:55:16 PM,WIN-4CMOE2HNK1B\Taco,Data Flow Task
FR,28 ,12_Audit_TransformationDemo,9/29/2025 7:55:16 PM,WIN-4CMOE2HNK1B\Taco,Data Flow Task
FR,29 ,12_Audit_TransformationDemo,9/29/2025 7:55:16 PM,WIN-4CMOE2HNK1B\Taco,Data Flow Task
FR,30 ,12_Audit_TransformationDemo,9/29/2025 7:55:16 PM,WIN-4CMOE2HNK1B\Taco,Data Flow Task
FR,31 ,12_Audit_TransformationDemo,9/29/2025 7:55:16 PM,WIN-4CMOE2HNK1B\Taco,Data Flow Task
FR,32 ,12_Audit_TransformationDemo,9/29/2025 7:55:16 PM,WIN-4CMOE2HNK1B\Taco,Data Flow Task
FR,33 ,12_Audit_TransformationDemo,9/29/2025 7:55:16 PM,WIN-4CMOE2HNK1B\Taco,Data Flow Task
FR,34 ,12_Audit_TransformationDemo,9/29/2025 7:55:16 PM,WIN-4CMOE2HNK1B\Taco,Data Flow Task
FR,35 ,12_Audit_TransformationDemo,9/29/2025 7:55:16 PM,WIN-4CMOE2HNK1B\Taco,Data Flow Task
FR,36 ,12_Audit_TransformationDemo,9/29/2025 7:55:16 PM,WIN-4CMOE2HNK1B\Taco,Data Flow Task
FR,37 ,12_Audit_TransformationDemo,9/29/2025 7:55:16 PM,WIN-4CMOE2HNK1B\Taco,Data Flow Task
FR,38 ,12_Audit_TransformationDemo,9/29/2025 7:55:16 PM,WIN-4CMOE2HNK1B\Taco,Data Flow Task
FR,39 ,12_Audit_TransformationDemo,9/29/2025 7:55:16 PM,WIN-4CMOE2HNK1B\Taco,Data Flow Task
FR,40 ,12_Audit_TransformationDemo,9/29/2025 7:55:16 PM,WIN-4CMOE2HNK1B\Taco,Data Flow Task
FR,41 ,12_Audit_TransformationDemo,9/29/2025 7:55:16 PM,WIN-4CMOE2HNK1B\Taco,Data Flow Task
FR,42 ,12_Audit_TransformationDemo,9/29/2025 7:55:16 PM,WIN-4CMOE2HNK1B\Taco,Data Flow Task
FR,43 ,12_Audit_TransformationDemo,9/29/2025 7:55:16 PM,WIN-4CMOE2HNK1B\Taco,Data Flow Task
FR,44 ,12_Audit_TransformationDemo,9/29/2025 7:55:16 PM,WIN-4CMOE2HNK1B\Taco,Data Flow Task
FR,45 ,12_Audit_TransformationDemo,9/29/2025 7:55:16 PM,WIN-4CMOE2HNK1B\Taco,Data Flow Task
FR,46 ,12_Audit_TransformationDemo,9/29/2025 7:55:16 PM,WIN-4CMOE2HNK1B\Taco,Data Flow Task
FR,47 ,12_Audit_TransformationDemo,9/29/2025 7:55:16 PM,WIN-4CMOE2HNK1B\Taco,Data Flow Task
FR,48 ,12_Audit_TransformationDemo,9/29/2025 7:55:16 PM,WIN-4CMOE2HNK1B\Taco,Data Flow Task
FR,49 ,12_Audit_TransformationDemo,9/29/2025 7:55:16 PM,WIN-4CMOE2HNK1B\Taco,Data Flow Task
FR,50 ,12_Audit_TransformationDemo,9/29/2025 7:55:16 PM,WIN-4CMOE2HNK1B\Taco,Data Flow Task
FR,51 ,12_Audit_TransformationDemo,9/29/2025 7:55:16 PM,WIN-4CMOE2HNK1B\Taco,Data Flow Task
FR,52 ,12_Audit_TransformationDemo,9/29/2025 7:55:16 PM,WIN-4CMOE2HNK1B\Taco,Data Flow Task
FR,53 ,12_Audit_TransformationDemo,9/29/2025 7:55:16 PM,WIN-4CMOE2HNK1B\Taco,Data Flow Task
FR,54 ,12_Audit_TransformationDemo,9/29/2025 7:55:16 PM,WIN-4CMOE2HNK1B\Taco,Data Flow Task
FR,55 ,12_Audit_TransformationDemo,9/29/2025 7:55:16 PM,WIN-4CMOE2HNK1B\Taco,Data Flow Task
FR,56 ,12_Audit_TransformationDemo,9/29/2025 7:55:16 PM,WIN-4CMOE2HNK1B\Taco,Data Flow Task
FR,57 ,12_Audit_TransformationDemo,9/29/2025 7:55:16 PM,WIN-4CMOE2HNK1B\Taco,Data Flow Task
FR,58 ,12_Audit_TransformationDemo,9/29/2025 7:55:16 PM,WIN-4CMOE2HNK1B\Taco,Data Flow Task
FR,59 ,12_Audit_TransformationDemo,9/29/2025 7:55:16 PM,WIN-4CMOE2HNK1B\Taco,Data Flow Task
FR,60 ,12_Audit_TransformationDemo,9/29/2025 7:55:16 PM,WIN-4CMOE2HNK1B\Taco,Data Flow Task
FR,61 ,12_Audit_TransformationDemo,9/29/2025 7:55:16 PM,WIN-4CMOE2HNK1B\Taco,Data Flow Task
FR,62 ,12_Audit_TransformationDemo,9/29/2025 7:55:16 PM,WIN-4CMOE2HNK1B\Taco,Data Flow Task
FR,63 ,12_Audit_TransformationDemo,9/29/2025 7:55:16 PM,WIN-4CMOE2HNK1B\Taco,Data Flow Task
FR,64 ,12_Audit_TransformationDemo,9/29/2025 7:55:16 PM,WIN-4CMOE2HNK1B\Taco,Data Flow Task
FR,65 ,12_Audit_TransformationDemo,9/29/2025 7:55:16 PM,WIN-4CMOE2HNK1B\Taco,Data Flow Task
FR,66 ,12_Audit_TransformationDemo,9/29/2025 7:55:16 PM,WIN-4CMOE2HNK1B\Taco,Data Flow Task
FR,67 ,12_Audit_TransformationDemo,9/29/2025 7:55:16 PM,WIN-4CMOE2HNK1B\Taco,Data Flow Task
FR,68 ,12_Audit_TransformationDemo,9/29/2025 7:55:16 PM,WIN-4CMOE2HNK1B\Taco,Data Flow Task
FR,69 ,12_Audit_TransformationDemo,9/29/2025 7:55:16 PM,WIN-4CMOE2HNK1B\Taco,Data Flow Task
FR,70 ,12_Audit_TransformationDemo,9/29/2025 7:55:16 PM,WIN-4CMOE2HNK1B\Taco,Data Flow Task
FR,71 ,12_Audit_TransformationDemo,9/29/2025 7:55:16 PM,WIN-4CMOE2HNK1B\Taco,Data Flow Task
FR,72 ,12_Audit_TransformationDemo,9/29/2025 7:55:16 PM,WIN-4CMOE2HNK1B\Taco,Data Flow Task
FR,73 ,12_Audit_TransformationDemo,9/29/2025 7:55:16 PM,WIN-4CMOE2HNK1B\Taco,Data Flow Task
FR,74 ,12_Audit_TransformationDemo,9/29/2025 7:55:16 PM,WIN-4CMOE2HNK1B\Taco,Data Flow Task
FR,75 ,12_Audit_TransformationDemo,9/29/2025 7:55:16 PM,WIN-4CMOE2HNK1B\Taco,Data Flow Task
FR,76 ,12_Audit_TransformationDemo,9/29/2025 7:55:16 PM,WIN-4CMOE2HNK1B\Taco,Data Flow Task
FR,77 ,12_Audit_TransformationDemo,9/29/2025 7:55:16 PM,WIN-4CMOE2HNK1B\Taco,Data Flow Task
FR,78 ,12_Audit_TransformationDemo,9/29/2025 7:55:16 PM,WIN-4CMOE2HNK1B\Taco,Data Flow Task
FR,79 ,12_Audit_TransformationDemo,9/29/2025 7:55:16 PM,WIN-4CMOE2HNK1B\Taco,Data Flow Task
FR,80 ,12_Audit_TransformationDemo,9/29/2025 7:55:16 PM,WIN-4CMOE2HNK1B\Taco,Data Flow Task
FR,81 ,12_Audit_TransformationDemo,9/29/2025 7:55:16 PM,WIN-4CMOE2HNK1B\Taco,Data Flow Task
FR,82 ,12_Audit_TransformationDemo,9/29/2025 7:55:16 PM,WIN-4CMOE2HNK1B\Taco,Data Flow Task
FR,83 ,12_Audit_TransformationDemo,9/29/2025 7:55:16 PM,WIN-4CMOE2HNK1B\Taco,Data Flow Task
FR,84 ,12_Audit_TransformationDemo,9/29/2025 7:55:16 PM,WIN-4CMOE2HNK1B\Taco,Data Flow Task
FR,85 ,12_Audit_TransformationDemo,9/29/2025 7:55:16 PM,WIN-4CMOE2HNK1B\Taco,Data Flow Task
FR,86 ,12_Audit_TransformationDemo,9/29/2025 7:55:16 PM,WIN-4CMOE2HNK1B\Taco,Data Flow Task
FR,87 ,12_Audit_TransformationDemo,9/29/2025 7:55:16 PM,WIN-4CMOE2HNK1B\Taco,Data Flow Task
FR,88 ,12_Audit_TransformationDemo,9/29/2025 7:55:16 PM,WIN-4CMOE2HNK1B\Taco,Data Flow Task
FR,89 ,12_Audit_TransformationDemo,9/29/2025 7:55:16 PM,WIN-4CMOE2HNK1B\Taco,Data Flow Task
FR,90 ,12_Audit_TransformationDemo,9/29/2025 7:55:16 PM,WIN-4CMOE2HNK1B\Taco,Data Flow Task
FR,91 ,12_Audit_TransformationDemo,9/29/2025 7:55:16 PM,WIN-4CMOE2HNK1B\Taco,Data Flow Task
FR,92 ,12_Audit_TransformationDemo,9/29/2025 7:55:16 PM,WIN-4CMOE2HNK1B\Taco,Data Flow Task
FR,93 ,12_Audit_TransformationDemo,9/29/2025 7:55:16 PM,WIN-4CMOE2HNK1B\Taco,Data Flow Task
FR,94 ,12_Audit_TransformationDemo,9/29/2025 7:55:16 PM,WIN-4CMOE2HNK1B\Taco,Data Flow Task
FR,95 ,12_Audit_TransformationDemo,9/29/2025 7:55:16 PM,WIN-4CMOE2HNK1B\Taco,Data Flow Task
